file_name,no_of_numbers
input_dataset_001.txt,2110912
input_dataset_002.txt,1220428
input_dataset_003.txt,2294580
input_dataset_004.txt,1087193
input_dataset_005.txt,122264
input_dataset_006.txt,1724165
input_dataset_007.txt,1134298
input_dataset_008.txt,3538658
input_dataset_009.txt,1242214
input_dataset_010.txt,191636
input_dataset_011.txt,3123202
input_dataset_012.txt,604878
input_dataset_013.txt,127178
input_dataset_014.txt,2640372
input_dataset_015.txt,3473770
input_dataset_016.txt,742310
input_dataset_017.txt,1207663
input_dataset_018.txt,1731604
input_dataset_019.txt,2893323
input_dataset_020.txt,1329520
input_dataset_021.txt,2181707
input_dataset_022.txt,1670524
input_dataset_023.txt,2787007
input_dataset_024.txt,1331198
input_dataset_025.txt,1629908
input_dataset_026.txt,3264083
input_dataset_027.txt,631610
input_dataset_028.txt,3122955
input_dataset_029.txt,80778
input_dataset_030.txt,3537169
input_dataset_031.txt,63042
input_dataset_032.txt,2265990
input_dataset_033.txt,2043220
input_dataset_034.txt,2908034
input_dataset_035.txt,129918
input_dataset_036.txt,1559830
input_dataset_037.txt,1550339
input_dataset_038.txt,1808653
input_dataset_039.txt,129417
input_dataset_040.txt,2122436
input_dataset_041.txt,1697035
input_dataset_042.txt,487505
input_dataset_043.txt,3481605
input_dataset_044.txt,1334861
input_dataset_045.txt,1215122
input_dataset_046.txt,754956
input_dataset_047.txt,2731202
input_dataset_048.txt,2179068
input_dataset_049.txt,2362300
input_dataset_050.txt,1261054
